intron_ID,gene,sample_prefix,Ave,SE
I 142254 142601 +,EFB1,U_R,2.2774566666666668e-4,6.841931982106939e-5
I 142285 142619 +,EFB1,U_R,1.3248e-4,5.6112608592008976e-5
I 142459 142619 +,EFB1,U_R,2.0128233333333335e-4,2.922861523879943e-5
I 150990 151096 -,TFC3,U_R,0.28888058666666666,0.039010738080613526
II 110220 110505 -,CMC2,U_R,0.006114862,0.003669874
II 125155 125244 +,SEC17,U_R,0.003875907,0.0010458933117198587
II 125155 125317 +,SEC17,U_R,0.013323841333333334,0.0025056856871125675
II 125157 125272 +,SEC17,U_R,0.0022577455,0.0010382335
II 142728 142846 -,ERD2,U_R,0.0021840366666666666,0.00112903287687329
II 142754 142846 -,ERD2,U_R,0.05244543,0.005387231009836037
II 168425 168780 +,RPL19B,U_R,5.56e-5,1.71e-5
II 168555 168808 +,RPL19B,U_R,2.617446666666667e-4,7.646203900048123e-5
II 168601 168808 +,RPL19B,U_R,7.5773e-5,1.9616122510153057e-5
II 168649 168808 +,RPL19B,U_R,1.660915e-4,1.2489149999999997e-4
II 170621 170804 +,LSM2,U_R,0.021763371666666666,0.003974459450675708
II 170677 170757 +,LSM2,U_R,0.04189403433333333,0.0027887735758296067
II 170677 170844 +,LSM2,U_R,0.004110161,7.597103824741374e-4
II 170677 170871 +,LSM2,U_R,0.005541326666666666,0.0010543567976507976
II 366508 366584 -,YBR062C,U_R,0.11616375,0.04738759959651931
II 393181 393507 +,ECM33,U_R,0.0100596,0.001456838689762528
II 393181 393669 +,ECM33,U_R,6.488416666666667e-4,2.471776796431623e-4
II 406708 407122 -,UBC4,U_R,2.97036e-4,1.6911e-4
II 406769 407122 -,UBC4,U_R,8.007513333333333e-4,3.7713993103017404e-4
II 407034 407122 -,UBC4,U_R,0.0012472953333333332,1.9390188076905747e-4
II 407041 407122 -,UBC4,U_R,0.002527699,1.9419522253735628e-4
II 414756 415261 -,RPL19A,U_R,2.7489666666666665e-4,8.564827835656969e-5
II 426494 426873 -,YBR089C-A_five_prime_UTR_intron,U_R,0.0031308674999999996,8.307034029905519e-4
II 426494 426873 -,YBR090C,U_R,0.0031308674999999996,8.307034029905519e-4
II 426517 426630 -,YBR089C-A_five_prime_UTR_intron,U_R,0.03947941666666667,0.002401729720875363
II 426517 426630 -,YBR090C,U_R,0.03947941666666667,0.002401729720875363
II 45645 45972 +,YBL092W_five_prime_UTR_intron,U_R,2.0406166666666665e-4,8.767820468876199e-5
II 45645 45978 +,YBL092W_five_prime_UTR_intron,U_R,2.9483533333333334e-4,7.78803905920982e-5
II 45647 45979 +,YBL092W_five_prime_UTR_intron,U_R,5.705e-5,2.8049999999999994e-5
II 462210 462269 +,SUS1,U_R,0.03476226166666667,0.0015826130955838348
II 462210 462499 +,SUS1,U_R,0.0018610435,5.650851162085378e-4
II 592417 592772 -,RPS6B,U_R,9.808000000000001e-5,2.728e-5
II 592673 592768 -,RPS6B,U_R,6.900879999999999e-4,8.026620107077032e-5
II 60150 60697 -,RPL23A,U_R,6.262975e-4,1.1204550000000001e-4
II 60190 60697 -,RPL23A,U_R,0.0010330326666666667,1.19715562244198e-4
II 60209 60697 -,RPL23A,U_R,4.907016666666666e-4,1.3515533496232318e-4
II 60217 60697 -,RPL23A,U_R,5.975e-5,2.9500000000000035e-6
II 60333 60697 -,RPL23A,U_R,1.2112733333333334e-4,5.3118905113381666e-5
II 604513 604925 +,RPS9B,U_R,5.2233333333333334e-5,1.1109355416844752e-5
II 604515 604928 +,RPS9B,U_R,8.212966666666667e-5,1.8112671810395924e-5
II 604515 605211 +,RPS9B,U_R,1.3829833333333334e-4,4.820611305748588e-5
II 604519 604927 +,RPS9B,U_R,5.2566666666666666e-5,1.166266598071718e-5
II 606281 606633 +,RPL21A,U_R,4.041133333333334e-4,8.759121680726772e-5
II 606281 606670 +,RPL21A,U_R,1.6014733333333334e-4,3.734112914438686e-5
II 606281 606680 +,RPL21A,U_R,9.0748e-5,2.6348000000000006e-5
II 653369 653558 +,HPC2,U_R,0.025832062666666666,0.010232309556813885
II 726680 727011 -,YBR255C-A,U_R,0.008207902333333333,0.0026755714236078205
II 726826 727011 -,YBR255C-A,U_R,0.022994541,0.00507009517608105
III 101606 101700 -,YCL012C,U_R,0.031844915333333335,0.004210168824631238
III 107034 107287 +,VMA9,U_R,0.0032081976666666666,5.836373482089524e-4
III 107034 107304 +,VMA9,U_R,3.7484533333333333e-4,4.836947372924833e-5
III 111580 111633 -,YCL002C,U_R,0.19663547233333334,0.0120881745722907
III 177906 178212 -,RPS14A,U_R,1.418265e-4,7.882649999999999e-5
III 177936 178213 -,RPS14A,U_R,1.8264266666666667e-4,6.632888401828507e-5
III 293848 293993 +,HMRA1,U_R,0.0023726433333333334,4.515602653043974e-4
III 293851 293993 +,HMRA1,U_R,0.054525802666666665,0.005962441218421762
III 293851 294007 +,HMRA1,U_R,0.002391555666666667,0.0010180514087250758
III 293940 294003 +,HMRA1,U_R,0.0011886686666666667,3.5013189918578464e-4
III 293940 294007 +,HMRA1,U_R,0.034629169333333334,0.003981981809176613
III 293940 294021 +,HMRA1,U_R,0.002517725,4.775147615899778e-4
III 293940 294024 +,HMRA1,U_R,0.0022322563333333333,8.524246149797908e-4
IV 1103810 1103881 +,MCM21,U_R,0.015092332,0.005465119684675626
IV 117667 118126 +,RPL35A,U_R,3.5835733333333333e-4,1.7231710394244415e-5
IV 117667 118170 +,RPL35A,U_R,0.0010525623333333333,5.947834625680549e-5
IV 117669 118159 +,RPL35A,U_R,1.5805533333333334e-4,5.672374995047882e-5
IV 117831 118157 +,RPL35A,U_R,1.948095e-4,2.8604500000000007e-5
IV 122078 122167 +,YDL189W_five_prime_UTR_intron,U_R,0.03858775066666666,0.014620108167348425
IV 122078 122186 +,YDL189W_five_prime_UTR_intron,U_R,0.013388317,0.003864227670655333
IV 1319618 1319816 -,DYN2,U_R,0.015000807333333335,0.0015482163942718017
IV 1319627 1319697 -,DYN2,U_R,0.013117941,6.051961699584139e-4
IV 1319746 1319816 -,DYN2,U_R,0.006594005666666666,9.190340067629586e-4
IV 1319748 1319816 -,DYN2,U_R,0.011358012666666667,0.0015166321450253229
IV 1355232 1355550 -,RPS17B,U_R,0.008297187333333334,7.164485802494447e-4
IV 1355251 1355550 -,RPS17B,U_R,9.25458e-4,5.976400000000001e-5
IV 1355268 1355550 -,RPS17B,U_R,0.001115775,2.8947569723035475e-4
IV 1359970 1360373 +,RPS18A,U_R,0.0041401116666666665,3.5275621471129943e-4
IV 1359970 1360378 +,RPS18A,U_R,9.016296666666667e-4,2.2801837825369353e-4
IV 1359970 1360405 +,RPS18A,U_R,2.2697733333333333e-4,5.028209148505172e-5
IV 1359970 1360438 +,RPS18A,U_R,0.031772748,0.002271390108035825
IV 1359972 1360406 +,RPS18A,U_R,0.0034968906666666666,2.0287669524478275e-4
IV 1401788 1402184 +,RPL27B,U_R,4.5858966666666666e-4,1.1719596737990224e-4
IV 1401792 1402184 +,RPL27B,U_R,6.171146666666666e-4,1.6314571169901397e-4
IV 1401797 1402184 +,RPL27B,U_R,0.0027899303333333335,1.1046439238857826e-4
IV 1401801 1402144 +,RPL27B,U_R,1.37408e-4,6.080799999999999e-5
IV 1401801 1402404 +,RPL27B,U_R,2.4407550000000002e-4,1.674755e-4
IV 1450456 1450846 -,RPL37B,U_R,2.69903e-4,4.816735764325601e-5
IV 1450457 1450845 -,RPL37B,U_R,2.31088e-4,7.590374761059783e-5
IV 1450458 1450849 -,RPL37B,U_R,5.76e-5,3.0000000000000046e-7
IV 1450459 1450847 -,RPL37B,U_R,6.756666666666666e-5,9.96817156977369e-6
IV 1450475 1450846 -,RPL37B,U_R,1.5417766666666667e-4,2.5391260966018297e-5
IV 216158 216504 +,YDL137W_five_prime_UTR_intron,U_R,0.0019187176666666667,8.475293358895872e-4
IV 216158 216512 +,YDL137W_five_prime_UTR_intron,U_R,6.902473333333333e-4,5.0279734450814725e-5
IV 216158 216521 +,YDL137W_five_prime_UTR_intron,U_R,0.00549034,8.926390000000002e-4
IV 217603 218020 +,RPL35B,U_R,0.5001595806666667,0.499920210402209
IV 217605 218009 +,RPL35B,U_R,0.6670504633333333,0.666474777735924
IV 217817 218007 +,RPL35B,U_R,0.8336529966666667,0.8331735035763255
IV 230020 230273 +,RPP1B,U_R,1.24574e-4,5.383052046314739e-6
IV 230020 230293 +,RPP1B,U_R,9.151999999999999e-5,4.3819999999999984e-5
IV 254943 255044 -,IWR1,U_R,0.081971443,0.01639555774983292
IV 254949 255044 -,IWR1,U_R,0.0327900575,3.225255000000003e-4
IV 254956 255044 -,IWR1,U_R,0.750584775,0.0626461883235826
IV 254975 255148 -,IWR1,U_R,0.033379297333333335,0.0132256739617027
IV 306806 307765 -,RPS16B,U_R,2.805796666666667e-4,4.732516477285397e-5
IV 307364 307765 -,RPS16B,U_R,1.9398433333333334e-4,6.338877841367333e-5
IV 308428 308769 +,RPL13A,U_R,2.77225e-4,1.6682499999999998e-4
IV 308428 308803 +,RPL13A,U_R,0.0011680780000000001,0.001057066
IV 337525 337606 +,UBC9,U_R,9.006033333333333e-4,3.8745420763118726e-5
IV 337525 337617 +,UBC9,U_R,0.00740712,0.0010425817636158486
IV 337525 337635 +,UBC9,U_R,0.004544199,7.135559589551007e-4
IV 337525 337894 +,UBC9,U_R,0.0024886166666666667,0.0012236138024727323
IV 340811 341183 -,YDL061C_five_prime_UTR_intron,U_R,0.004103562666666666,3.5364800395182647e-4
IV 340829 341219 -,YDL061C_five_prime_UTR_intron,U_R,4.705495e-4,2.895050000000003e-5
IV 399362 399495 +,ARP2,U_R,0.0062114806666666664,0.0014473624425107824
IV 399362 399818 +,ARP2,U_R,0.0011235659999999999,3.719999999999993e-5
IV 457476 458097 -,MAF1,U_R,0.010597146333333333,0.005467172852475654
IV 457716 458097 -,MAF1,U_R,0.005501260333333333,0.0016930777875547968
IV 458002 458097 -,MAF1,U_R,0.0058531615000000006,5.434264999999998e-4
IV 458039 458097 -,MAF1,U_R,0.009303373,0.001120879370134152
IV 491560 491887 +,RPS11A,U_R,8.266666666666667e-5,8.833710683763903e-6
IV 491670 491898 +,RPS11A,U_R,1.3230433333333332e-4,3.284947574585899e-5
IV 491689 491898 +,RPS11A,U_R,0.0013812773333333334,1.679036534845042e-4
IV 579465 580017 +,RPS13,U_R,0.0010197323333333333,7.199192770592024e-4
IV 579479 580024 +,RPS13,U_R,1.8109666666666667e-4,6.88898114003644e-5
IV 579708 580017 +,RPS13,U_R,9.0263e-5,4.4763e-5
IV 579895 580017 +,RPS13,U_R,3.5155066666666665e-4,3.640305795915747e-5
IV 629906 630038 +,UBC13,U_R,0.006879114666666667,0.0010699333849158296
IV 629906 630056 +,UBC13,U_R,0.019759407333333333,0.00254113009101819
IV 652781 653480 +,YDR099W_five_prime_UTR_intron,U_R,0.0017526555,1.7933849999999998e-4
IV 652781 653490 +,YDR099W_five_prime_UTR_intron,U_R,5.58813e-4,2.13985e-4
IV 652781 653526 +,YDR099W_five_prime_UTR_intron,U_R,0.037658004,0.001277449836157961
IV 652781 653562 +,YDR099W_five_prime_UTR_intron,U_R,0.0015056596666666667,4.582968539212452e-4
IV 65307 65403 +,DTD1,U_R,0.006337804666666666,0.0023210012250567164
IV 65307 65406 +,DTD1,U_R,0.006740203,0.001059158876624749
IV 65307 65439 +,DTD1,U_R,0.006237330500000001,7.002315000000001e-4
IV 653134 653523 +,YDR099W_five_prime_UTR_intron,U_R,0.003576791666666667,0.0018062017033764837
IV 715178 715358 -,SAC6,U_R,0.0027395935,1.0454750000000014e-4
IV 715192 715358 -,SAC6,U_R,0.014500836000000001,0.001015407404942962
IV 715246 715358 -,SAC6,U_R,0.001512004,1.9448100000000004e-4
IV 715248 715354 -,SAC6,U_R,0.016569877333333333,9.509529728155739e-4
IV 733686 733775 -,RUB1,U_R,0.006780529,0.0031472318682668325
IV 733708 733775 -,RUB1,U_R,0.0035027755000000002,0.0015017744999999997
IX 155223 155433 +,COX5B,U_R,0.006855345,0.004964986
IX 155223 155438 +,COX5B,U_R,0.034739933333333334,0.008407280657838743
IX 231954 232366 -,RPS24B,U_R,8.05278e-4,2.9377466470976245e-4
IX 256554 257025 -,RPL34B,U_R,1.0757099999999999e-4,2.690000000000003e-7
IX 256555 256785 -,RPL34B,U_R,9.023466666666666e-5,6.218762150496226e-5
IX 316772 317148 +,RPL2B,U_R,4.2457566666666665e-4,1.317233181461978e-4
IX 316847 317171 +,RPL2B,U_R,3.401695e-4,5.74975e-5
IX 317047 317171 +,RPL2B,U_R,3.307443333333333e-4,7.950153188531094e-5
IX 47699 47755 +,YIL156W-B,U_R,0.0035080613333333334,0.0016131977758636557
IX 47699 47756 +,YIL156W-B,U_R,0.006010975666666666,0.002089728011106895
IX 47699 47764 +,YIL156W-B,U_R,0.11492663933333333,0.009865556852805327
IX 47699 47788 +,YIL156W-B,U_R,0.003594143,9.356131879453889e-4
IX 68716 69150 +,RPL40A,U_R,2.02663e-4,6.689320611492122e-5
IX 99096 99381 -,RPL16A,U_R,8.1266e-5,2.7566e-5
IX 99096 99414 -,RPL16A,U_R,3.9818933333333334e-4,1.5074762328290436e-4
IX 99120 99385 -,RPL16A,U_R,2.50327e-4,1.291629567032798e-4
IX 99131 99385 -,RPL16A,U_R,0.006473406333333333,4.892028094946354e-4
IX 99133 99385 -,RPL16A,U_R,2.0778066666666666e-4,1.134504286995475e-4
IX 99137 99385 -,RPL16A,U_R,1.270395e-4,3.39395e-5
V 148195 148291 +,GIM4,U_R,0.0010400033333333334,2.697790733608603e-4
V 158999 159091 -,PMI40,U_R,0.0011997216666666667,4.7946920834617847e-4
V 166758 166874 -,TMA20,U_R,0.00133526,6.5545e-4
V 269717 270148 -,RPL34A,U_R,1.7612133333333332e-4,2.1285396404838483e-5
V 269751 270147 -,RPL34A,U_R,2.0408e-4,6.6282e-5
V 269784 270148 -,RPL34A,U_R,0.017909265333333334,6.921113202814834e-4
V 269788 270148 -,RPL34A,U_R,3.720293333333334e-4,1.5300774375755555e-4
V 306427 306791 +,RPS24A,U_R,1.68799e-4,8.899899999999999e-5
V 307656 307848 +,YOS1,U_R,0.001765754,6.845480132681223e-4
V 307747 307813 +,YOS1,U_R,7.803745000000001e-4,3.252085e-4
V 307747 307816 +,YOS1,U_R,0.001950018,8.285482882858026e-4
V 307747 307818 +,YOS1,U_R,0.016914696666666666,5.327306858192462e-4
V 307747 307824 +,YOS1,U_R,0.0020027363333333333,8.485404601318535e-4
V 307747 307828 +,YOS1,U_R,5.03979e-4,4.881299999999998e-5
V 307747 307838 +,YOS1,U_R,6.13071e-4,1.1267342538061051e-4
V 307958 308068 +,YOS1,U_R,0.003408964333333333,0.0011789174533253426
V 348093 348276 -,AIM11,U_R,0.029023459,0.012002181999999998
V 348202 348286 -,AIM11,U_R,0.010010074,0.0027733985781528657
V 362913 363092 +,YER102W_five_prime_UTR_intron,U_R,2.08527e-4,2.2108182112813642e-5
V 396771 397281 +,RPL23B,U_R,5.08034e-4,3.165413862372502e-4
V 396811 397282 +,RPL23B,U_R,2.68707e-4,1.2384068801084725e-4
V 396811 397285 +,RPL23B,U_R,3.0731233333333334e-4,2.800921559257079e-5
V 423591 423929 +,YER131W_five_prime_UTR_intron,U_R,2.1745e-4,7.7079e-5
V 423591 423931 +,YER131W_five_prime_UTR_intron,U_R,0.00300634,3.222435008907602e-4
V 423825 423951 +,YER131W_five_prime_UTR_intron,U_R,0.0024803223333333332,2.0192387289713363e-4
VI 203285 203386 -,LSB3,U_R,0.0010657015,1.2761549999999998e-4
VI 203292 203386 -,LSB3,U_R,0.007224514333333333,0.002441186326367458
VI 221264 221414 -,RPL2A,U_R,0.0010994313333333333,2.8780129575822126e-4
VI 221282 221414 -,RPL2A,U_R,3.11648e-4,8.947499999999998e-5
VI 223440 223771 -,YFR032C-A_five_prime_UTR_intron,U_R,0.00025443166666666664,1.6350564568064444e-4
VI 223441 223727 -,YFR032C-A_five_prime_UTR_intron,U_R,3.605325e-4,6.98345e-5
VI 54376 54686 -,ACT1,U_R,1.6728699999999999e-4,8.938699999999998e-5
VI 64354 64920 -,RPL22B,U_R,0.0031010363333333333,4.73551635563407e-4
VI 64588 64920 -,RPL22B,U_R,0.004595642,0.001496908513839217
VI 64592 64856 -,RPL22B,U_R,0.003684810666666667,9.429811830183983e-4
VI 64592 64920 -,RPL22B,U_R,0.020220257666666668,0.005419461531345138
VI 64600 64856 -,RPL22B,U_R,0.10342496866666667,0.005278566490519636
VII 148599 148711 -,YGL189C_five_prime_UTR_intron,U_R,0.002053513,2.1990615143055906e-4
VII 148599 148716 -,YGL189C_five_prime_UTR_intron,U_R,0.003456088,7.629250474472138e-4
VII 148599 148767 -,YGL189C_five_prime_UTR_intron,U_R,0.00324442,2.9990027620694184e-4
VII 148599 148897 -,YGL189C_five_prime_UTR_intron,U_R,0.07579794249999999,0.06332982149999998
VII 148599 148901 -,YGL189C_five_prime_UTR_intron,U_R,8.378453333333333e-4,2.848676226930287e-4
VII 148599 148969 -,YGL189C_five_prime_UTR_intron,U_R,0.041265753,0.010945549
VII 148631 148715 -,YGL189C_five_prime_UTR_intron,U_R,0.0015941534999999998,6.727774999999998e-4
VII 148641 148715 -,YGL189C_five_prime_UTR_intron,U_R,6.24174e-4,1.8546365542606997e-4
VII 311229 311526 +,RPL28,U_R,4.37e-5,1.2150034293504416e-5
VII 311350 311526 +,RPL28,U_R,0.0010827835,0.0010657835
VII 311400 311526 +,RPL28,U_R,5.667123333333333e-4,1.4451060026440197e-4
VII 364911 365432 -,RPL7A,U_R,1.470385e-4,1.1023849999999998e-4
VII 364965 365985 -,RPL7A,U_R,2.2763433333333332e-4,4.484086122921568e-5
VII 364969 365432 -,RPL7A,U_R,1.14023e-4,3.5014667816978265e-5
VII 364990 365432 -,RPL7A,U_R,3.2243333333333333e-4,1.4599992212022277e-4
VII 365510 365985 -,RPL7A,U_R,8.455896666666666e-4,1.5533483734643834e-4
VII 365526 365985 -,RPL7A,U_R,4.8035966666666667e-4,2.274268410473526e-4
VII 365527 365969 -,RPL7A,U_R,4.37481e-4,4.365019125196744e-5
VII 365535 365985 -,RPL7A,U_R,1.09817e-4,3.021053804552312e-5
VII 436313 436378 +,HOP2,U_R,0.044534944666666666,0.012349430448601727
VII 436313 436504 +,HOP2,U_R,0.019831625,0.004879064246840372
VII 439085 439323 +,RPL30,U_R,5.2799999999999996e-5,3.25e-5
VII 439095 439325 +,RPL30,U_R,9.9648e-5,6.947999999999995e-6
VII 439095 439326 +,RPL30,U_R,3.145e-5,1.115e-5
VII 439096 439325 +,RPL30,U_R,2.87119e-4,1.687705025569733e-5
VII 439098 439295 +,RPL30,U_R,6.69e-5,7.502666192761079e-6
VII 439098 439323 +,RPL30,U_R,0.006013580333333333,1.654060132334306e-4
VII 439100 439294 +,RPL30,U_R,5.338023333333334e-4,2.1221169872977717e-5
VII 439100 439313 +,RPL30,U_R,0.0015483683333333334,1.2129844988887715e-4
VII 439100 439323 +,RPL30,U_R,0.0013015513333333333,1.2506980805445327e-4
VII 439103 439323 +,RPL30,U_R,5.2833333333333335e-5,1.6531014622352874e-5
VII 497893 497999 -,EFM5,U_R,0.0027182960000000003,3.87294e-4
VII 497903 497999 -,EFM5,U_R,0.010496861,9.703612488410354e-4
VII 534474 534781 -,YGR027C_five_prime_UTR_intron,U_R,0.072800089,0.0027047945384151323
VII 543639 543755 +,ERV1,U_R,0.002845753,2.7258527819626165e-4
VII 543639 543788 +,ERV1,U_R,0.014261161333333333,0.0017953165302416112
VII 555831 556109 +,RPL26B,U_R,4.2165666666666666e-4,6.075079190247464e-5
VII 555831 556291 +,RPL26B,U_R,8.889233333333334e-5,2.7519809085658855e-5
VII 555831 556297 +,RPL26B,U_R,9.4344e-5,2.8023439046626667e-5
VII 555831 556304 +,RPL26B,U_R,6.5125e-5,3.6625e-5
VII 555831 556323 +,RPL26B,U_R,3.303196666666667e-4,1.1340112624710176e-4
VII 556128 556307 +,RPL26B,U_R,2.4216266666666667e-4,9.249981101662376e-5
VII 556132 556307 +,RPL26B,U_R,7.740000000000001e-5,2.04e-5
VII 556156 556307 +,RPL26B,U_R,1.1665933333333334e-4,4.4060042220184544e-5
VII 62064 62189 +,TAN1,U_R,0.0024151800000000003,8.812307680989886e-4
VII 62132 62183 +,TAN1,U_R,0.12267916766666667,0.0062564218706678875
VII 62132 62196 +,TAN1,U_R,0.115574436,0.00583634227163061
VII 62132 62214 +,TAN1,U_R,0.008719701333333333,8.077340241037131e-4
VII 727039 727355 +,RPS23A,U_R,1.71399e-4,6.234399999999998e-5
VII 727039 727385 +,RPS23A,U_R,3.7038399999999997e-4,6.006657165456786e-5
VII 727039 727510 +,RPS23A,U_R,1.44652e-4,4.119803657133837e-5
VII 727204 727357 +,RPS23A,U_R,7.78775e-5,3.1177500000000004e-5
VII 72845 73137 -,OST5,U_R,0.0029822825,0.0011287144999999998
VII 72985 73137 -,OST5,U_R,0.022080172500000002,4.974385000000008e-4
VII 787784 788178 -,YGR148C_five_prime_UTR_intron,U_R,0.009362904666666666,7.391532704940913e-4
VII 787787 787866 -,YGR148C_five_prime_UTR_intron,U_R,2.32399e-4,9.001241081095429e-6
VII 787787 788015 -,YGR148C_five_prime_UTR_intron,U_R,0.0015849466666666668,1.354550651216525e-4
VII 787787 788678 -,YGR148C_five_prime_UTR_intron,U_R,0.030968154666666668,0.01583361212268776
VII 787800 788178 -,YGR148C_five_prime_UTR_intron,U_R,5.08574e-4,9.214353096663922e-5
VII 920660 921114 +,RPS0A,U_R,1.9967433333333332e-4,1.1227553573884404e-4
VII 920665 921108 +,RPS0A,U_R,2.2256266666666668e-4,4.7813963003615494e-5
VII 920665 921113 +,RPS0A,U_R,1.5248566666666667e-4,5.6490455418986e-5
VII 920665 921129 +,RPS0A,U_R,0.001020276,2.607014919967535e-4
VIII 104402 104803 +,RPL14B,U_R,1.8279800000000002e-4,2.730999999999998e-6
VIII 104408 104806 +,RPL14B,U_R,3.7695333333333334e-4,4.607214969419644e-5
VIII 126548 127112 +,RPL27A,U_R,6.223763333333334e-4,1.0778584713887276e-4
VIII 126552 126829 +,RPL27A,U_R,6.55e-5,3.4e-5
VIII 126556 127112 +,RPL27A,U_R,9.7e-5,2.4999999999999998e-6
VIII 129529 129630 +,VPS29,U_R,0.007839049333333334,0.0039921713273355945
VIII 138237 138408 -,YSC84,U_R,0.04016710033333333,0.004180496384849546
VIII 138257 138408 -,YSC84,U_R,0.104048579,0.016901925662843008
VIII 138261 138408 -,YSC84,U_R,0.00485467,0.0018933301667298642
VIII 148110 148666 -,RPS27B,U_R,0.001304756,1.3987000000000025e-5
VIII 148114 148664 -,RPS27B,U_R,3.294353333333333e-4,1.6213572081986676e-4
VIII 148117 148228 -,RPS27B,U_R,7.1922e-5,4.0421999999999993e-5
VIII 148117 148508 -,RPS27B,U_R,9.532869999999999e-4,1.961042434072586e-4
VIII 148118 148669 -,RPS27B,U_R,4.3849999999999995e-5,1.2349999999999999e-5
VIII 148151 148666 -,RPS27B,U_R,9.29217e-4,1.8416390134967637e-4
VIII 251156 251458 +,PTC7,U_R,0.008881579,0.0036184209999999997
VIII 255668 255750 -,NMD2,U_R,0.0059821375,9.946065e-4
VIII 255675 255750 -,NMD2,U_R,0.003816902666666667,0.0015868612585370461
VIII 255677 255750 -,NMD2,U_R,0.005909223333333333,0.0017963071604173875
VIII 298360 298483 -,YHR097C,U_R,0.008092508666666666,0.001848964039990172
VIII 298381 298484 -,YHR097C,U_R,0.018195750666666666,0.008805709925401535
VIII 298387 298484 -,YHR097C,U_R,0.004643254,0.00208361382031324
VIII 298423 298484 -,YHR097C,U_R,0.007059292333333333,0.0024454451982740847
VIII 315790 315858 -,BIG1,U_R,0.017446336666666666,0.002925041318529155
VIII 354808 354955 +,EPT1,U_R,0.008019354499999999,7.333804999999998e-4
VIII 498708 498786 -,NBL1,U_R,0.08498315066666666,0.009869015981234304
VIII 505244 505516 -,RPS4B,U_R,0.0013096256666666668,1.2089636254982102e-4
VIII 505247 505515 -,RPS4B,U_R,1.2008050000000001e-4,7.95805e-5
VIII 505270 505516 -,RPS4B,U_R,1.4092433333333333e-4,5.595484109033324e-5
X 156770 157249 -,RPS21B,U_R,2.15764e-4,4.594558216339557e-5
X 156789 157249 -,RPS21B,U_R,1.21956e-4,5.355600000000001e-5
X 156791 157250 -,RPS21B,U_R,9.367366666666666e-5,5.902423846842734e-5
X 172413 172752 -,YJL130C_five_prime_UTR_intron,U_R,0.09217197533333334,0.007044867456912785
X 172440 172752 -,YJL130C_five_prime_UTR_intron,U_R,0.008025669333333332,0.002390428777345627
X 387349 387449 -,BET4,U_R,0.019009260666666666,0.0023670649377289547
X 387378 387435 -,BET4,U_R,0.008079895,4.7277239911963274e-4
X 435228 435325 +,PRE3,U_R,0.0010584265,6.674965e-4
X 435228 435327 +,PRE3,U_R,0.00434054,5.663951035284468e-4
X 435228 435429 +,PRE3,U_R,7.295029999999999e-4,3.257038930260634e-4
X 435228 435469 +,PRE3,U_R,7.295029999999999e-4,3.257038930260634e-4
X 435232 435343 +,PRE3,U_R,0.0036386563333333337,0.001630809758149852
X 469184 469321 -,REC107,U_R,0.14285714249999998,0.07142857149999998
X 469184 469405 -,REC107,U_R,1.0502645503333334,0.23262378770777892
X 50269 50435 -,NCE101,U_R,0.014917304666666666,0.006716602546876765
X 50322 50411 -,NCE101,U_R,0.0111649075,0.0043389685
X 50344 50411 -,NCE101,U_R,0.015931389666666667,0.0040099868963714555
X 608483 608581 +,RPL43B,U_R,0.0052624544999999995,0.005066183499999999
X 702781 703054 -,RPS4A,U_R,5.9850000000000005e-5,2.2350000000000005e-5
X 702798 703053 -,RPS4A,U_R,1.1968700000000001e-4,4.4787e-5
X 73797 74216 +,RPS14B,U_R,0.0012268183333333333,5.01542337320368e-4
X 74081 74204 +,RPS14B,U_R,3.07304e-4,8.752e-6
X 74099 74204 +,RPS14B,U_R,3.60843e-4,2.1156699999999996e-4
X 74114 74204 +,RPS14B,U_R,0.034650365333333336,0.001580761088684429
X 75554 76324 +,RPL39,U_R,1.16644e-4,2.9649621740139174e-5
X 75941 76326 +,RPL39,U_R,2.89239e-4,1.2414862998438606e-4
X 91003 91411 +,RPL17B,U_R,0.001187435,4.734039999999999e-4
X 91095 91256 +,RPL17B,U_R,3.499615e-4,8.772350000000001e-5
X 91095 91424 +,RPL17B,U_R,2.879285e-4,6.908650000000002e-5
XI 109486 109883 +,RPL17A,U_R,0.004322163,0.0010699824572075935
XI 109546 109883 +,RPL17A,U_R,5.58746e-4,3.58265e-4
XI 109578 109890 +,RPL17A,U_R,0.0010902736666666666,1.0662742506712074e-4
XI 109578 109966 +,RPL17A,U_R,1.4485966666666667e-4,3.9703311475380884e-5
XI 109580 109885 +,RPL17A,U_R,1.16752e-4,1.559480259573683e-5
XI 109594 109881 +,RPL17A,U_R,2.3890666666666666e-4,9.459677682728472e-5
XI 155272 155613 +,APE2,U_R,0.02658584933333333,0.011337857506935285
XI 155272 155619 +,APE2,U_R,0.0162462775,0.0010947624999999986
XI 155272 155622 +,APE2,U_R,0.021611406,0.004639717444793416
XI 155272 155629 +,APE2,U_R,0.07706443233333334,0.019280271337926605
XI 158616 158973 +,RPS27A,U_R,0.004130385,3.873675064573692e-4
XI 158770 158966 +,RPS27A,U_R,0.0019257109999999999,0.0016584020720369153
XI 166400 166484 +,YKL150W_five_prime_UTR_intron,U_R,0.06739710066666667,0.015324003934008247
XI 166400 166502 +,YKL150W_five_prime_UTR_intron,U_R,0.044106114333333335,0.012809224740748124
XI 166400 166516 +,YKL150W_five_prime_UTR_intron,U_R,0.5382357553333333,0.02035914476007789
XI 166400 166535 +,YKL150W_five_prime_UTR_intron,U_R,0.017879949,6.385699999999998e-4
XI 166447 166516 +,YKL150W_five_prime_UTR_intron,U_R,0.4447469246666667,0.06333053561459927
XI 283096 283396 +,TEF4,U_R,0.0026701276666666668,3.4952614401087534e-4
XI 283096 283422 +,TEF4,U_R,2.0539e-4,1.7691000000000004e-5
XI 283096 284525 +,TEF4,U_R,4.1078100000000004e-4,3.538200000000001e-5
XI 283097 283422 +,TEF4,U_R,0.0019114639999999999,3.364555073126312e-4
XI 283318 283421 +,TEF4,U_R,1.82571e-4,1.1487099999999996e-4
XI 432031 432432 +,RPL14A,U_R,1.18276e-4,1.724966890503506e-5
XI 432035 432409 +,RPL14A,U_R,1.55795e-4,6.322323976988209e-5
XI 432035 432414 +,RPL14A,U_R,2.65534e-4,1.4740735067605452e-5
XI 437838 437898 +,DID4,U_R,0.0016602485,2.517974999999999e-4
XI 437838 437906 +,DID4,U_R,0.016994126333333335,0.003215142075104009
XI 437838 437913 +,DID4,U_R,0.034210915,0.008591448221806923
XI 437838 437921 +,DID4,U_R,0.006791182,0.005382731
XI 437838 437925 +,DID4,U_R,0.02007569366666667,0.0026630898723495567
XI 551681 551972 +,RPS21A,U_R,2.12953e-4,1.49453e-4
XI 551681 552022 +,RPS21A,U_R,5.15185e-4,9.82809595852625e-5
XI 551681 552043 +,RPS21A,U_R,9.935586666666666e-4,1.1608101376816302e-4
XI 618375 618526 -,RPL40B,U_R,0.011283829333333334,0.0011588968644507495
XI 625902 625986 +,PCC1,U_R,0.011058999333333333,0.004199222738767432
XI 82999 83081 +,CNB1,U_R,0.03302837866666666,0.0022585301148140076
XI 82999 83083 +,CNB1,U_R,0.0020638433333333333,4.5647826083664104e-4
XI 93303 93465 -,YKL186C_five_prime_UTR_intron,U_R,2.4044444443333335,0.3183599949827743
XI 93303 93515 -,YKL186C_five_prime_UTR_intron,U_R,0.26666666666666666,0.08110350040397628
XI 93367 93465 -,YKL186C_five_prime_UTR_intron,U_R,6.16,0.7270029802781647
XII 1028871 1029254 +,RPL6B,U_R,4.727385e-4,2.030515e-4
XII 242322 242661 +,RPS0B,U_R,2.98079e-4,4.577479357681474e-5
XII 242322 242690 +,RPS0B,U_R,3.7419833333333333e-4,1.0530437395526888e-4
XII 242322 242775 +,RPS0B,U_R,3.41943e-4,1.3421593233418056e-4
XII 242322 242826 +,RPS0B,U_R,7.304996666666667e-4,1.4979019817101222e-4
XII 242322 243162 +,RPS0B,U_R,3.267803333333333e-4,1.3262000888545356e-4
XII 242594 242680 +,RPS0B,U_R,1.3154250000000002e-4,5.364250000000001e-5
XII 263206 263602 +,RPL22A,U_R,8.947999999999999e-5,5.987999999999999e-5
XII 263277 263594 +,RPL22A,U_R,0.0011890666666666667,2.4604593450975324e-4
XII 327269 327399 -,NYV1,U_R,0.004919172666666667,4.3198204759624484e-4
XII 398533 398597 +,DCN1,U_R,0.064660949,0.020704905000000003
XII 40233 40400 -,COF1,U_R,3.572103333333333e-4,1.9136894547124877e-4
XII 522667 523028 +,RPL37A,U_R,1.7435366666666667e-4,5.365024328100584e-5
XII 522670 522725 +,RPL37A,U_R,2.0640433333333333e-4,5.0116080959885307e-5
XII 522670 522995 +,RPL37A,U_R,0.001520616,2.5510195616720263e-4
XII 522670 523029 +,RPL37A,U_R,1.63313e-4,7.002945249202892e-5
XII 522671 523029 +,RPL37A,U_R,2.01174e-4,5.1798e-5
XII 522891 523028 +,RPL37A,U_R,0.0014166323333333333,3.23863981626718e-4
XII 564455 564517 -,ATG38,U_R,0.061352657,0.010992328584373328
XII 712724 713153 -,RPS30A,U_R,9.5008e-5,3.975176219154736e-5
XII 712726 712887 -,RPS30A,U_R,1.9067433333333335e-4,1.4786455089409066e-5
XII 712726 713247 -,RPS30A,U_R,2.2089e-4,9.331584682142686e-5
XII 712728 713157 -,RPS30A,U_R,5.125e-5,1.675e-5
XII 712743 713155 -,RPS30A,U_R,2.6837933333333333e-4,7.599334098970632e-5
XII 744154 744230 +,UBC12,U_R,0.037006684666666664,0.0034109701529525943
XII 744154 744231 +,UBC12,U_R,0.23988946066666667,0.054085716395708666
XII 744154 744232 +,UBC12,U_R,0.048500377666666664,0.011165852438158888
XII 744154 744233 +,UBC12,U_R,0.051112099333333334,0.020251667385261744
XII 744154 744234 +,UBC12,U_R,0.021591879666666668,0.00466326061864476
XII 744154 744239 +,UBC12,U_R,0.5840289686666666,0.07630245399841612
XII 766052 766129 -,TAD3,U_R,0.036036460666666666,0.003565064223921233
XII 766074 766249 -,TAD3,U_R,0.04987118916666667,0.006911759027465717
XII 766158 766249 -,TAD3,U_R,0.0161552355,0.013584541499999998
XII 766182 766245 -,TAD3,U_R,0.012272281666666666,0.0022874568212640526
XII 766187 766249 -,TAD3,U_R,0.12269662233333334,0.014345529074152688
XII 786616 786683 +,REC102,U_R,0.37261904766666665,0.13197114536524113
XII 795919 796335 -,YLR333C_five_prime_UTR_intron,U_R,0.0011326866666666667,5.659616976310715e-4
XII 819331 819793 +,RPL26A,U_R,0.0013409096666666667,6.585171823843661e-4
XII 819451 819777 +,RPL26A,U_R,5.301895e-4,3.6015049999999995e-4
XII 855878 856427 +,YLR367W_five_prime_UTR_intron,U_R,0.251284081,0.00509963798444971
XII 855881 856436 +,YLR367W_five_prime_UTR_intron,U_R,0.0021797606666666665,8.88701466252932e-4
XII 855881 856438 +,YLR367W_five_prime_UTR_intron,U_R,0.0040228445,0.0023915234999999997
XII 856570 857057 +,RPS22B,U_R,0.0030042646666666667,0.0013370933679348815
XII 856989 857057 +,RPS22B,U_R,0.29491618633333333,0.017495763463846827
XII 856993 857057 +,RPS22B,U_R,5.50931e-4,2.17709e-4
XII 898160 898647 +,YLR388W_five_prime_UTR_intron,U_R,9.33e-5,1.2000000000000019e-6
XII 898549 898645 +,YLR388W_five_prime_UTR_intron,U_R,0.005061795333333333,4.4276465026028367e-4
XII 931326 931698 -,RPL31B,U_R,1.52118e-4,3.253836272770958e-5
XII 931336 931698 -,RPL31B,U_R,0.0011866316666666666,1.3284977519656472e-4
XII 931362 931698 -,RPL31B,U_R,3.061293333333333e-4,4.6226271377263876e-5
XII 931367 931698 -,RPL31B,U_R,6.207543333333333e-4,1.969547255896926e-4
XII 931377 931698 -,RPL31B,U_R,6.042336666666667e-4,1.4753079295335073e-4
XII 987142 987221 +,TDA5,U_R,0.042314164,0.007422395747670987
XII 987142 987233 +,TDA5,U_R,0.042629984999999995,2.2715800000000158e-4
XII 987142 987339 +,TDA5,U_R,0.014601535,0.0038138675691067637
XII 987142 987349 +,TDA5,U_R,0.107837922,0.015606607921108495
XIII 123388 124157 -,RPL6A,U_R,0.0017037693333333333,5.590748756321563e-4
XIII 140091 140188 -,ERV41,U_R,0.0012533266666666667,5.6226473673686646e-5
XIII 163553 163716 -,IMD4,U_R,0.0023548293333333333,4.8169830932176256e-4
XIII 211441 211570 +,SRC1,U_R,1.3916312526666668,0.17947219858086047
XIII 223235 223781 -,RPS18B,U_R,4.3903033333333335e-4,7.01580438826828e-5
XIII 223238 223781 -,RPS18B,U_R,7.154996666666666e-4,5.9007950544349916e-5
XIII 223379 223779 -,RPS18B,U_R,0.00509901,7.080971269849451e-4
XIII 223380 223781 -,RPS18B,U_R,2.28328e-4,3.0293e-5
XIII 225892 226294 +,RPS17A,U_R,2.6166633333333335e-4,9.32789915831951e-5
XIII 226031 226289 +,RPS17A,U_R,8.93805e-5,1.56805e-5
XIII 23361 23654 -,TUB3,U_R,0.011607586666666666,1.548599414366987e-4
XIII 23473 23658 -,TUB3,U_R,0.0020782883333333333,0.0014025900805068143
XIII 23474 23658 -,TUB3,U_R,4.7311049999999996e-4,6.743049999999998e-5
XIII 337818 337917 +,ARP9,U_R,0.010208718666666667,0.002634274991459721
XIII 424998 425124 +,SEC14,U_R,0.051951779,0.0027762763446314803
XIII 424998 425127 +,SEC14,U_R,0.0025496363333333332,5.273513191795812e-4
XIII 424998 425160 +,SEC14,U_R,0.0032715053333333332,4.890970133468184e-4
XIII 499882 500154 -,ASC1,U_R,0.0026942236666666667,7.758577689551812e-4
XIII 517560 517885 +,STO1,U_R,0.016983922999999998,0.0056871328478326705
XIII 517729 517885 +,STO1,U_R,0.020913233666666666,0.005482437931038841
XIII 551124 551203 -,RPL13B,U_R,0.0017056373333333335,4.6298738211220314e-4
XIII 551952 552471 +,RPS16A,U_R,2.0099550000000002e-4,8.65265e-5
XIII 551952 552474 +,RPS16A,U_R,3.928036666666667e-4,1.3269658002291462e-4
XIII 551952 552484 +,RPS16A,U_R,0.004900998,7.000755539863776e-4
XIII 551952 552487 +,RPS16A,U_R,5.96551e-4,1.3867599999999998e-4
XIII 551952 552507 +,RPS16A,U_R,0.001669133,2.1350368894783374e-4
XIII 551952 552510 +,RPS16A,U_R,4.247506666666667e-4,1.1047048169885827e-4
XIII 551952 552634 +,RPS16A,U_R,4.24027e-4,1.48317e-4
XIII 552063 552495 +,RPS16A,U_R,6.99118e-4,2.19915e-4
XIII 651158 651620 +,RPL36A,U_R,1.545075e-4,7.59075e-5
XIII 651161 651647 +,RPL36A,U_R,0.6255644393333334,0.624717907144218
XIII 666786 667017 -,RAD14,U_R,0.019237700500000003,0.0031086684999999995
XIII 666909 667017 -,RAD14,U_R,0.06338200433333334,0.004810189953313015
XIII 666923 667017 -,RAD14,U_R,0.059380756666666666,0.0200938782664553
XIII 666942 667017 -,RAD14,U_R,0.01640588566666667,0.00855773786176963
XIII 666947 667017 -,RAD14,U_R,0.035097446,0.018337668999999997
XIII 666952 667017 -,RAD14,U_R,0.030257154,0.007910784999999998
XIII 732466 732844 +,RPS10B,U_R,9.345303333333333e-4,1.8809149866871826e-4
XIII 732466 732849 +,RPS10B,U_R,5.53943e-4,8.358458082086671e-5
XIII 732466 732857 +,RPS10B,U_R,5.605e-5,2.4849999999999998e-5
XIII 732466 732858 +,RPS10B,U_R,0.0012740796666666668,1.927811921517357e-4
XIII 732466 732878 +,RPS10B,U_R,1.1204349999999999e-4,1.8543499999999996e-5
XIII 732466 732911 +,RPS10B,U_R,0.002132339,6.434082212066717e-4
XIII 732467 732876 +,RPS10B,U_R,5.913333333333333e-5,1.4674732630538037e-5
XIII 753743 754215 -,RPL20A,U_R,0.004940824666666667,0.001526397799461348
XIII 753743 754220 -,RPL20A,U_R,0.037678534666666666,0.0372911005786041
XIII 82291 82360 +,GIM5,U_R,0.0044144905,0.0017966895
XIV 144848 145254 -,IST1,U_R,0.024453346666666667,0.003646432621869276
XIV 145181 145254 -,IST1,U_R,0.015746694,0.002953767636197371
XIV 185492 185566 +,VPS75,U_R,0.05131165733333333,0.004282230469819918
XIV 185492 185578 +,VPS75,U_R,0.10105238066666666,0.010595678467481079
XIV 185492 185582 +,VPS75,U_R,0.004596681,3.473562956739569e-4
XIV 331453 331837 +,RPL42A,U_R,9.794196666666666e-4,1.7415444779211864e-4
XIV 331675 331837 +,RPL42A,U_R,9.4357e-5,3.497356357307617e-5
XIV 350958 351060 +,LSM7,U_R,0.055219463499999996,0.006796040499999999
XIV 350958 351077 +,LSM7,U_R,0.0010995435,2.6582499999999988e-5
XIV 414912 414979 +,DBP2,U_R,0.003787546,0.0018922655175719926
XIV 443355 444171 -,RPS7B,U_R,5.495e-5,2.2500000000000005e-6
XIV 443781 444171 -,RPS7B,U_R,4.138746666666667e-4,6.066548347106269e-5
XIV 443829 444173 -,RPS7B,U_R,9.489433333333334e-5,1.9441360174752293e-5
XIV 443832 444171 -,RPS7B,U_R,8.73515e-5,3.46515e-5
XIV 443846 444171 -,RPS7B,U_R,8.73515e-5,3.46515e-5
XIV 443850 444171 -,RPS7B,U_R,7.456e-5,1.549886877592469e-5
XIV 534875 534980 -,YNL050C,U_R,0.11139705866666666,0.023832870080026908
XIV 557034 557684 +,GPI15,U_R,0.004674112,0.0031140499999999997
XIV 557575 557684 +,GPI15,U_R,0.015790466,0.002261747466309402
XIV 557611 557698 +,GPI15,U_R,0.013113197666666666,0.003655290096714138
XIV 622977 623286 +,HRB1,U_R,0.0140373405,0.011052265499999998
XIV 63955 64450 -,RPL18B,U_R,7.79776e-4,2.565112472446384e-4
XIV 63981 64450 -,RPL18B,U_R,0.0023565123333333334,3.808521898061125e-4
XIV 64019 64155 -,RPL18B,U_R,0.0012122286666666666,1.773383891362625e-4
XIV 64056 64450 -,RPL18B,U_R,0.0017350296666666667,3.4106437948689067e-4
XV 240935 241025 -,RRT8,U_R,0.019985348,0.001992674
XV 240948 241172 -,RRT8,U_R,0.00632967,8.351650000000001e-4
XV 505934 506336 +,RPS7A,U_R,1.1682e-4,7.912e-5
XV 505938 505995 +,RPS7A,U_R,6.428193333333334e-4,9.69343022882566e-5
XV 505938 506252 +,RPS7A,U_R,1.1631933333333333e-4,4.2091703479162944e-5
XV 505938 506321 +,RPS7A,U_R,2.4377533333333332e-4,8.460053651786797e-5
XV 505940 506340 +,RPS7A,U_R,5.2466666666666664e-5,1.1513663380716168e-5
XV 552666 552828 -,PFY1,U_R,5.161015e-4,2.346495e-4
XV 778858 779386 -,RPL33B,U_R,1.5521566666666667e-4,8.381639305914116e-5
XV 778860 779252 -,RPL33B,U_R,0.0010932819999999999,1.2242008491392798e-4
XV 780122 780278 +,snR17a_intron,U_R,4.56e-5,1.4000000000000001e-6
XV 80361 80779 +,RPL25,U_R,2.5765166666666666e-4,1.1854822396298385e-4
XV 867078 867586 +,RPS10A,U_R,1.0822933333333333e-4,1.913632306490577e-5
XV 867150 867537 +,RPS10A,U_R,0.002160385,3.0524371557385637e-4
XV 867150 867539 +,RPS10A,U_R,0.001302937,2.4120895005990138e-4
XV 867150 867551 +,RPS10A,U_R,1.259055e-4,1.027055e-4
XV 867150 867589 +,RPS10A,U_R,9.728170000000001e-4,1.515926208989079e-4
XV 867151 867587 +,RPS10A,U_R,3.87e-5,1.0099999999999998e-5
XV 867231 867586 +,RPS10A,U_R,2.705503333333333e-4,5.203154752754439e-5
XV 867398 867586 +,RPS10A,U_R,7.62437e-4,5.767267629475853e-5
XV 867440 867586 +,RPS10A,U_R,7.2524e-5,2.519490244738672e-5
XV 900785 901193 -,RPL20B,U_R,4.096585e-4,2.0659249999999997e-4
XV 92439 92830 -,RPS19A,U_R,5.365693333333334e-4,2.8907664342542636e-4
XV 92440 92829 -,RPS19A,U_R,2.098896666666667e-4,4.4814985188488517e-5
XV 92441 92521 -,RPS19A,U_R,9.245336666666667e-4,1.950734796603008e-4
XV 92444 92833 -,RPS19A,U_R,8.3101e-5,2.025669603694871e-5
XV 92457 92830 -,RPS19A,U_R,3.7112133333333335e-4,1.87670803467431e-4
XV 93844 94195 -,RPL18A,U_R,9.64253e-4,7.796498240449574e-5
XV 93844 94319 -,RPL18A,U_R,1.37011e-4,1.2183000000000002e-5
XVI 115219 115298 +,YPL230W_five_prime_UTR_intron,U_R,0.8165479409999999,0.1683224891944026
XVI 138726 138868 +,SAR1,U_R,0.010941506333333333,1.786996113988808e-4
XVI 173163 174072 +,RPL7B,U_R,0.0013660088333333333,5.173107893497175e-4
XVI 173666 174081 +,RPL7B,U_R,0.006527611,0.001999676078813516
XVI 173666 174089 +,RPL7B,U_R,0.0019556063333333335,5.650526551582997e-4
XVI 173670 174072 +,RPL7B,U_R,7.42793e-4,4.617359999999999e-4
XVI 218647 218721 +,SPT14,U_R,0.8435941043333334,0.1795092623162997
XVI 218647 218724 +,SPT14,U_R,0.03860544233333333,0.01687562810826968
XVI 218647 218726 +,SPT14,U_R,0.199829932,0.05668659272192077
XVI 282139 282663 +,RPL33A,U_R,0.0019293840000000001,3.2677754601410426e-4
XVI 305307 305415 +,TAF14,U_R,0.013573400666666667,0.0015144568454151406
XVI 377996 378393 -,RPS6A,U_R,3.0541300000000004e-4,7.178216936677242e-5
XVI 378010 378389 -,RPS6A,U_R,6.13969e-4,1.2188207966309075e-4
XVI 378013 378389 -,RPS6A,U_R,2.60343e-4,8.265861393305197e-5
XVI 378017 378389 -,RPS6A,U_R,1.57253e-4,6.500238069742779e-5
XVI 378019 378389 -,RPS6A,U_R,8.288866666666668e-5,2.6639933591842492e-5
XVI 404941 405457 +,RPS9A,U_R,5.637179999999999e-4,2.6949000000000016e-5
XVI 404957 405467 +,RPS9A,U_R,0.002542819333333333,9.217832133273589e-4
XVI 492948 493020 -,PHO85,U_R,0.021672131,0.007619773441744074
XVI 623578 623737 +,YOP1,U_R,6.384453333333333e-4,1.8933528816567129e-4
XVI 623578 623744 +,YOP1,U_R,5.322265e-4,2.7147049999999995e-4
XVI 654168 654579 +,RPL43A,U_R,2.6315833333333336e-4,2.523401498859119e-5
XVI 729354 729481 -,YPR098C,U_R,0.035216919,0.008515255737808135
XVI 75985 76223 -,RPL36B,U_R,2.660255e-4,2.3332549999999997e-4
XVI 75986 76143 -,RPL36B,U_R,4.42372e-4,2.0172888195876498e-4
XVI 76004 76223 -,RPL36B,U_R,9.46535e-5,4.475349999999999e-5
XVI 795030 795354 +,RPS23B,U_R,2.1303449999999997e-4,1.274345e-4
XVI 795030 795377 +,RPS23B,U_R,0.0014336716666666666,7.851179279219429e-5
XVI 795135 795394 +,RPS23B,U_R,0.009270049333333334,0.001146252381225347
XVI 795166 795394 +,RPS23B,U_R,1.1484249999999999e-4,2.9742500000000002e-5
